name,website,industry,source,source_url,products,target_markets,company_size,annual_revenue
Advanced Printing Systems,https://www.advancedprintingsystems.com,Graphics & Signage,Event: ISA Sign Expo,https://www.isasignexpo.com,['Displays'],['Retail'],495,43605697
Elite Displays Inc,https://www.elitedisplaysinc.com,Graphics & Signage,Event: ISA Sign Expo,https://www.isasignexpo.com,['Banners'],['Outdoor'],346,4623022
Global Displays Systems,https://www.globaldisplayssystems.com,Graphics & Signage,Event: ISA Sign Expo,https://www.isasignexpo.com,['Displays'],['Events'],44,17059950
Elite Visual Solutions,https://www.elitevisualsolutions.com,Graphics & Signage,Event: PRINTING United,https://www.printingunited.com,['Graphics'],['Transportation'],265,16624476
Premier Printing Group,https://www.premierprintinggroup.com,Graphics & Signage,Event: PRINTING United,https://www.printingunited.com,['Banners'],['Outdoor'],340,24958378
Advanced Graphics Systems,https://www.advancedgraphicssystems.com,Graphics & Signage,Event: PRINTING United,https://www.printingunited.com,['Vehicle Wraps'],['Retail'],174,16042405
Premier Signage Inc,https://www.premiersignageinc.com,Graphics & Signage,Event: PRINTING United,https://www.printingunited.com,['Banners'],['Retail'],171,11046099
Global Printing Systems,https://www.globalprintingsystems.com,Graphics & Signage,Event: FESPA Global Print Expo,https://www.fespaglobalprintexpo.com,['Signage'],['Retail'],145,45145351
Premier Printing Systems,https://www.premierprintingsystems.com,Graphics & Signage,Event: FESPA Global Print Expo,https://www.fespaglobalprintexpo.com,['Displays'],['Outdoor'],78,15980082
Premier Signage Co,https://www.premiersignageco.com,Graphics & Signage,Event: FESPA Global Print Expo,https://www.fespaglobalprintexpo.com,['Signage'],['Events'],500,7494640
Pro Graphics Systems,https://www.prographicssystems.com,Graphics & Signage,Event: FESPA Global Print Expo,https://www.fespaglobalprintexpo.com,['Vehicle Wraps'],['Corporate'],111,5392296
Pro Signage Group,https://www.prosignagegroup.com,Graphics & Signage,Event: FESPA Global Print Expo,https://www.fespaglobalprintexpo.com,['Graphics'],['Events'],410,3175332
Global Graphics Co,https://www.globalgraphicsco.com,Graphics & Signage,Event: FESPA Global Print Expo,https://www.fespaglobalprintexpo.com,['Vehicle Wraps'],['Events'],300,31033117
Pro Graphics Group,https://www.prographicsgroup.com,Graphics & Signage,Event: FESPA Global Print Expo,https://www.fespaglobalprintexpo.com,['Vehicle Wraps'],['Events'],54,29465497
Elite Printing Co,https://www.eliteprintingco.com,Graphics & Signage,Event: FESPA Global Print Expo,https://www.fespaglobalprintexpo.com,['Signage'],['Retail'],278,31851004
Premier Graphics Solutions,https://www.premiergraphicssolutions.com,Graphics & Signage,Event: Graphics of the Americas,https://www.graphicsoftheamericas.com,['Vehicle Wraps'],['Transportation'],159,47125231
Elite Graphics Systems,https://www.elitegraphicssystems.com,Graphics & Signage,Event: Graphics of the Americas,https://www.graphicsoftheamericas.com,['Signage'],['Retail'],303,32240130
Elite Graphics Group,https://www.elitegraphicsgroup.com,Graphics & Signage,Event: Graphics of the Americas,https://www.graphicsoftheamericas.com,['Signage'],['Transportation'],357,3741989
Premier Visual Co,https://www.premiervisualco.com,Graphics & Signage,Event: SGIA Expo,https://www.sgiaexpo.com,['Vehicle Wraps'],['Retail'],451,10179817
Premier Visual Group,https://www.premiervisualgroup.com,Graphics & Signage,Event: SGIA Expo,https://www.sgiaexpo.com,['Signage'],['Outdoor'],286,42916457
Premier Printing Inc,https://www.premierprintinginc.com,Graphics & Signage,Event: SGIA Expo,https://www.sgiaexpo.com,['Banners'],['Retail'],280,2745299
Pro Graphics Inc,https://www.prographicsinc.com,Graphics & Signage,Event: GlobalShop,https://www.globalshop.com,['Graphics'],['Transportation'],228,31539868
Elite Printing Inc,https://www.eliteprintinginc.com,Graphics & Signage,Event: GlobalShop,https://www.globalshop.com,['Banners'],['Outdoor'],190,48865196
Pro Signage Co,https://www.prosignageco.com,Graphics & Signage,Event: GlobalShop,https://www.globalshop.com,['Banners'],['Events'],97,6587559
Advanced Signage Systems,https://www.advancedsignagesystems.com,Graphics & Signage,Event: GlobalShop,https://www.globalshop.com,['Vehicle Wraps'],['Retail'],194,5507600
Dynamic Media Partners,https://www.dynamicmediapartners.com,Graphics & Signage,Association: International Sign Association,https://www.internationalsignassociation.org,['Fleet Graphics'],['Retail'],411,5753920
Modern Signs Experts,https://www.modernsignsexperts.com,Graphics & Signage,Association: International Sign Association,https://www.internationalsignassociation.org,['Large Format'],['Corporate'],78,31228619
Creative Signs Partners,https://www.creativesignspartners.com,Graphics & Signage,Association: International Sign Association,https://www.internationalsignassociation.org,['Digital Printing'],['Corporate'],174,28932299
Dynamic Imaging Team,https://www.dynamicimagingteam.com,Graphics & Signage,Association: International Sign Association,https://www.internationalsignassociation.org,['Retail Displays'],['Transportation'],374,31507101
Modern Imaging Team,https://www.modernimagingteam.com,Graphics & Signage,Association: International Sign Association,https://www.internationalsignassociation.org,['Digital Printing'],['Events'],432,25766532
Dynamic Visuals Team,https://www.dynamicvisualsteam.com,Graphics & Signage,Association: International Sign Association,https://www.internationalsignassociation.org,['Fleet Graphics'],['Corporate'],324,22289216
Creative Graphics Team,https://www.creativegraphicsteam.com,Graphics & Signage,Association: International Sign Association,https://www.internationalsignassociation.org,['Large Format'],['Retail'],125,28489678
Dynamic Graphics Professionals,https://www.dynamicgraphicsprofessionals.com,Graphics & Signage,Association: Specialty Graphic Imaging Association,https://www.specialtygraphicimagingassociation.org,['Retail Displays'],['Transportation'],177,5419194
Tech Graphics Studio,https://www.techgraphicsstudio.com,Graphics & Signage,Association: Specialty Graphic Imaging Association,https://www.specialtygraphicimagingassociation.org,['Digital Printing'],['Transportation'],117,35385991
Dynamic Graphics Team,https://www.dynamicgraphicsteam.com,Graphics & Signage,Association: Specialty Graphic Imaging Association,https://www.specialtygraphicimagingassociation.org,['Digital Printing'],['Transportation'],43,11915625
Tech Imaging Team,https://www.techimagingteam.com,Graphics & Signage,Association: Specialty Graphic Imaging Association,https://www.specialtygraphicimagingassociation.org,['Large Format'],['Outdoor'],473,18175538
Dynamic Visuals Experts,https://www.dynamicvisualsexperts.com,Graphics & Signage,Association: Specialty Graphic Imaging Association,https://www.specialtygraphicimagingassociation.org,['Fleet Graphics'],['Events'],322,46067713
Dynamic Signs Partners,https://www.dynamicsignspartners.com,Graphics & Signage,Association: Specialty Graphic Imaging Association,https://www.specialtygraphicimagingassociation.org,['Fleet Graphics'],['Transportation'],173,38019645
Creative Signs Professionals,https://www.creativesignsprofessionals.com,Graphics & Signage,Association: Specialty Graphic Imaging Association,https://www.specialtygraphicimagingassociation.org,['Digital Printing'],['Transportation'],363,16921806
Innovative Signs Studio,https://www.innovativesignsstudio.com,Graphics & Signage,Association: Specialty Graphic Imaging Association,https://www.specialtygraphicimagingassociation.org,['Fleet Graphics'],['Transportation'],135,5824176
Creative Media Partners,https://www.creativemediapartners.com,Graphics & Signage,Association: Specialty Graphic Imaging Association,https://www.specialtygraphicimagingassociation.org,['Retail Displays'],['Retail'],215,38626308
Modern Media Studio,https://www.modernmediastudio.com,Graphics & Signage,Association: Specialty Graphic Imaging Association,https://www.specialtygraphicimagingassociation.org,['Fleet Graphics'],['Outdoor'],367,29018938
Creative Visuals Studio,https://www.creativevisualsstudio.com,Graphics & Signage,Association: Printing Industries of America,https://www.printingindustriesofamerica.org,['Large Format'],['Retail'],136,44272001
Innovative Imaging Experts,https://www.innovativeimagingexperts.com,Graphics & Signage,Association: Printing Industries of America,https://www.printingindustriesofamerica.org,['Retail Displays'],['Events'],432,44979868
Tech Imaging Studio,https://www.techimagingstudio.com,Graphics & Signage,Association: Printing Industries of America,https://www.printingindustriesofamerica.org,['Architectural Graphics'],['Retail'],83,18633891
Modern Visuals Partners,https://www.modernvisualspartners.com,Graphics & Signage,Association: Printing Industries of America,https://www.printingindustriesofamerica.org,['Digital Printing'],['Events'],327,47557343
Innovative Graphics Experts,https://www.innovativegraphicsexperts.com,Graphics & Signage,Association: Printing Industries of America,https://www.printingindustriesofamerica.org,['Retail Displays'],['Retail'],101,1780891
Modern Media Experts,https://www.modernmediaexperts.com,Graphics & Signage,Association: FESPA,https://www.fespa.org,['Retail Displays'],['Events'],382,49221653
Tech Signs Partners,https://www.techsignspartners.com,Graphics & Signage,Association: FESPA,https://www.fespa.org,['Large Format'],['Corporate'],402,41766012
Modern Visuals Experts,https://www.modernvisualsexperts.com,Graphics & Signage,Association: FESPA,https://www.fespa.org,['Digital Printing'],['Events'],384,15179579
Innovative Imaging Studio,https://www.innovativeimagingstudio.com,Graphics & Signage,Association: FESPA,https://www.fespa.org,['Large Format'],['Transportation'],89,37579254
Tech Media Professionals,https://www.techmediaprofessionals.com,Graphics & Signage,Association: Association for PRINT Technologies,https://www.associationforprinttechnologies.org,['Large Format'],['Transportation'],162,28007296
Tech Signs Team,https://www.techsignsteam.com,Graphics & Signage,Association: Association for PRINT Technologies,https://www.associationforprinttechnologies.org,['Retail Displays'],['Retail'],419,12682411
Innovative Visuals Experts,https://www.innovativevisualsexperts.com,Graphics & Signage,Association: Association for PRINT Technologies,https://www.associationforprinttechnologies.org,['Architectural Graphics'],['Outdoor'],428,44744808
Modern Visuals Professionals,https://www.modernvisualsprofessionals.com,Graphics & Signage,Association: Association for PRINT Technologies,https://www.associationforprinttechnologies.org,['Digital Printing'],['Corporate'],228,13795179
Creative Imaging Experts,https://www.creativeimagingexperts.com,Graphics & Signage,Association: Association for PRINT Technologies,https://www.associationforprinttechnologies.org,['Architectural Graphics'],['Retail'],24,41535938
Dynamic Signs Studio,https://www.dynamicsignsstudio.com,Graphics & Signage,Association: Association for PRINT Technologies,https://www.associationforprinttechnologies.org,['Large Format'],['Outdoor'],224,42128943
Innovative Graphics Partners,https://www.innovativegraphicspartners.com,Graphics & Signage,Association: Association for PRINT Technologies,https://www.associationforprinttechnologies.org,['Fleet Graphics'],['Transportation'],110,25636631
Dynamic Media Studio,https://www.dynamicmediastudio.com,Graphics & Signage,Association: Association for PRINT Technologies,https://www.associationforprinttechnologies.org,['Large Format'],['Retail'],324,42138678
